DateTime,Functionality,API,Response Time
2025-01-01,Login,/api/login,128
2025-01-01,Register,/api/register,115
2025-01-01,GetUser,/api/user,122
2025-01-01,Logout,/api/logout,123
2025-01-01,UpdateProfile,/api/update,132
2025-01-01,DeleteAccount,/api/delete,128
2025-01-01,FetchData,/api/fetch,113
2025-01-01,SubmitForm,/api/submit,131
2025-01-01,SendEmail,/api/email,117
2025-01-01,ResetPassword,/api/reset,146
2025-01-02,Login,/api/login,129
2025-01-02,Register,/api/register,90
2025-01-02,GetUser,/api/user,110
2025-01-02,Logout,/api/logout,139
2025-01-02,UpdateProfile,/api/update,155
2025-01-02,DeleteAccount,/api/delete,93
2025-01-02,FetchData,/api/fetch,137
2025-01-02,SubmitForm,/api/submit,128
2025-01-02,SendEmail,/api/email,105
2025-01-02,ResetPassword,/api/reset,132
2025-01-03,Login,/api/login,129
2025-01-03,Register,/api/register,95
2025-01-03,GetUser,/api/user,103
2025-01-03,Logout,/api/logout,152
2025-01-03,UpdateProfile,/api/update,127
2025-01-03,DeleteAccount,/api/delete,96
2025-01-03,FetchData,/api/fetch,97
2025-01-03,SubmitForm,/api/submit,141
2025-01-03,SendEmail,/api/email,100
2025-01-03,ResetPassword,/api/reset,148
2025-01-04,Login,/api/login,144
2025-01-04,Register,/api/register,91
2025-01-04,GetUser,/api/user,142
2025-01-04,Logout,/api/logout,111
2025-01-04,UpdateProfile,/api/update,115
2025-01-04,DeleteAccount,/api/delete,148
2025-01-04,FetchData,/api/fetch,110
2025-01-04,SubmitForm,/api/submit,110
2025-01-04,SendEmail,/api/email,159
2025-01-04,ResetPassword,/api/reset,123
2025-01-05,Login,/api/login,111
2025-01-05,Register,/api/register,156
2025-01-05,GetUser,/api/user,92
2025-01-05,Logout,/api/logout,143
2025-01-05,UpdateProfile,/api/update,94
2025-01-05,DeleteAccount,/api/delete,134
2025-01-05,FetchData,/api/fetch,112
2025-01-05,SubmitForm,/api/submit,114
2025-01-05,SendEmail,/api/email,139
2025-01-05,ResetPassword,/api/reset,141
2025-01-06,Login,/api/login,150
2025-01-06,Register,/api/register,123
2025-01-06,GetUser,/api/user,131
2025-01-06,Logout,/api/logout,125
2025-01-06,UpdateProfile,/api/update,114
2025-01-06,DeleteAccount,/api/delete,137
2025-01-06,FetchData,/api/fetch,123
2025-01-06,SubmitForm,/api/submit,126
2025-01-06,SendEmail,/api/email,106
2025-01-06,ResetPassword,/api/reset,102
2025-01-07,Login,/api/login,158
2025-01-07,Register,/api/register,109
2025-01-07,GetUser,/api/user,98
2025-01-07,Logout,/api/logout,156
2025-01-07,UpdateProfile,/api/update,154
2025-01-07,DeleteAccount,/api/delete,115
2025-01-07,FetchData,/api/fetch,121
2025-01-07,SubmitForm,/api/submit,156
2025-01-07,SendEmail,/api/email,157
2025-01-07,ResetPassword,/api/reset,143
2025-01-08,Login,/api/login,151
2025-01-08,Register,/api/register,144
2025-01-08,GetUser,/api/user,138
2025-01-08,Logout,/api/logout,120
2025-01-08,UpdateProfile,/api/update,125
2025-01-08,DeleteAccount,/api/delete,138
2025-01-08,FetchData,/api/fetch,121
2025-01-08,SubmitForm,/api/submit,150
2025-01-08,SendEmail,/api/email,108
2025-01-08,ResetPassword,/api/reset,137
2025-01-09,Login,/api/login,148
2025-01-09,Register,/api/register,155
2025-01-09,GetUser,/api/user,91
2025-01-09,Logout,/api/logout,141
2025-01-09,UpdateProfile,/api/update,141
2025-01-09,DeleteAccount,/api/delete,99
2025-01-09,FetchData,/api/fetch,137
2025-01-09,SubmitForm,/api/submit,155
2025-01-09,SendEmail,/api/email,154
2025-01-09,ResetPassword,/api/reset,128
2025-01-10,Login,/api/login,135
2025-01-10,Register,/api/register,156
2025-01-10,GetUser,/api/user,129
2025-01-10,Logout,/api/logout,159
2025-01-10,UpdateProfile,/api/update,106
2025-01-10,DeleteAccount,/api/delete,122
2025-01-10,FetchData,/api/fetch,140
2025-01-10,SubmitForm,/api/submit,99
2025-01-10,SendEmail,/api/email,138
2025-01-10,ResetPassword,/api/reset,114
2025-01-11,Login,/api/login,110
2025-01-11,Register,/api/register,138
2025-01-11,GetUser,/api/user,158
2025-01-11,Logout,/api/logout,125
2025-01-11,UpdateProfile,/api/update,97
2025-01-11,DeleteAccount,/api/delete,113
2025-01-11,FetchData,/api/fetch,146
2025-01-11,SubmitForm,/api/submit,120
2025-01-11,SendEmail,/api/email,109
2025-01-11,ResetPassword,/api/reset,95
2025-01-12,Login,/api/login,123
2025-01-12,Register,/api/register,144
2025-01-12,GetUser,/api/user,112
2025-01-12,Logout,/api/logout,91
2025-01-12,UpdateProfile,/api/update,131
2025-01-12,DeleteAccount,/api/delete,146
2025-01-12,FetchData,/api/fetch,106
2025-01-12,SubmitForm,/api/submit,98
2025-01-12,SendEmail,/api/email,104
2025-01-12,ResetPassword,/api/reset,116
2025-01-13,Login,/api/login,137
2025-01-13,Register,/api/register,146
2025-01-13,GetUser,/api/user,154
2025-01-13,Logout,/api/logout,142
2025-01-13,UpdateProfile,/api/update,146
2025-01-13,DeleteAccount,/api/delete,155
2025-01-13,FetchData,/api/fetch,159
2025-01-13,SubmitForm,/api/submit,106
2025-01-13,SendEmail,/api/email,116
2025-01-13,ResetPassword,/api/reset,133
2025-01-14,Login,/api/login,147
2025-01-14,Register,/api/register,94
2025-01-14,GetUser,/api/user,140
2025-01-14,Logout,/api/logout,106
2025-01-14,UpdateProfile,/api/update,126
2025-01-14,DeleteAccount,/api/delete,136
2025-01-14,FetchData,/api/fetch,134
2025-01-14,SubmitForm,/api/submit,128
2025-01-14,SendEmail,/api/email,106
2025-01-14,ResetPassword,/api/reset,111
2025-01-15,Login,/api/login,141
2025-01-15,Register,/api/register,101
2025-01-15,GetUser,/api/user,126
2025-01-15,Logout,/api/logout,149
2025-01-15,UpdateProfile,/api/update,131
2025-01-15,DeleteAccount,/api/delete,99
2025-01-15,FetchData,/api/fetch,93
2025-01-15,SubmitForm,/api/submit,130
2025-01-15,SendEmail,/api/email,141
2025-01-15,ResetPassword,/api/reset,130
2025-01-16,Login,/api/login,156
2025-01-16,Register,/api/register,129
2025-01-16,GetUser,/api/user,127
2025-01-16,Logout,/api/logout,132
2025-01-16,UpdateProfile,/api/update,124
2025-01-16,DeleteAccount,/api/delete,120
2025-01-16,FetchData,/api/fetch,158
2025-01-16,SubmitForm,/api/submit,123
2025-01-16,SendEmail,/api/email,145
2025-01-16,ResetPassword,/api/reset,100
2025-01-17,Login,/api/login,122
2025-01-17,Register,/api/register,104
2025-01-17,GetUser,/api/user,122
2025-01-17,Logout,/api/logout,141
2025-01-17,UpdateProfile,/api/update,129
2025-01-17,DeleteAccount,/api/delete,154
2025-01-17,FetchData,/api/fetch,106
2025-01-17,SubmitForm,/api/submit,148
2025-01-17,SendEmail,/api/email,110
2025-01-17,ResetPassword,/api/reset,158
2025-01-18,Login,/api/login,93
2025-01-18,Register,/api/register,128
2025-01-18,GetUser,/api/user,121
2025-01-18,Logout,/api/logout,113
2025-01-18,UpdateProfile,/api/update,151
2025-01-18,DeleteAccount,/api/delete,156
2025-01-18,FetchData,/api/fetch,147
2025-01-18,SubmitForm,/api/submit,154
2025-01-18,SendEmail,/api/email,91
2025-01-18,ResetPassword,/api/reset,160
2025-01-19,Login,/api/login,114
2025-01-19,Register,/api/register,118
2025-01-19,GetUser,/api/user,131
2025-01-19,Logout,/api/logout,126
2025-01-19,UpdateProfile,/api/update,134
2025-01-19,DeleteAccount,/api/delete,115
2025-01-19,FetchData,/api/fetch,127
2025-01-19,SubmitForm,/api/submit,116
2025-01-19,SendEmail,/api/email,119
2025-01-19,ResetPassword,/api/reset,109
2025-01-20,Login,/api/login,100
2025-01-20,Register,/api/register,111
2025-01-20,GetUser,/api/user,94
2025-01-20,Logout,/api/logout,93
2025-01-20,UpdateProfile,/api/update,104
2025-01-20,DeleteAccount,/api/delete,123
2025-01-20,FetchData,/api/fetch,120
2025-01-20,SubmitForm,/api/submit,127
2025-01-20,SendEmail,/api/email,100
2025-01-20,ResetPassword,/api/reset,104
2025-01-21,Login,/api/login,117
2025-01-21,Register,/api/register,96
2025-01-21,GetUser,/api/user,90
2025-01-21,Logout,/api/logout,150
2025-01-21,UpdateProfile,/api/update,143
2025-01-21,DeleteAccount,/api/delete,131
2025-01-21,FetchData,/api/fetch,106
2025-01-21,SubmitForm,/api/submit,155
2025-01-21,SendEmail,/api/email,94
2025-01-21,ResetPassword,/api/reset,156
2025-01-22,Login,/api/login,147
2025-01-22,Register,/api/register,107
2025-01-22,GetUser,/api/user,91
2025-01-22,Logout,/api/logout,119
2025-01-22,UpdateProfile,/api/update,130
2025-01-22,DeleteAccount,/api/delete,122
2025-01-22,FetchData,/api/fetch,106
2025-01-22,SubmitForm,/api/submit,136
2025-01-22,SendEmail,/api/email,119
2025-01-22,ResetPassword,/api/reset,153
2025-01-23,Login,/api/login,153
2025-01-23,Register,/api/register,121
2025-01-23,GetUser,/api/user,124
2025-01-23,Logout,/api/logout,113
2025-01-23,UpdateProfile,/api/update,124
2025-01-23,DeleteAccount,/api/delete,117
2025-01-23,FetchData,/api/fetch,133
2025-01-23,SubmitForm,/api/submit,114
2025-01-23,SendEmail,/api/email,103
2025-01-23,ResetPassword,/api/reset,134
2025-01-24,Login,/api/login,119
2025-01-24,Register,/api/register,111
2025-01-24,GetUser,/api/user,108
2025-01-24,Logout,/api/logout,111
2025-01-24,UpdateProfile,/api/update,140
2025-01-24,DeleteAccount,/api/delete,135
2025-01-24,FetchData,/api/fetch,152
2025-01-24,SubmitForm,/api/submit,93
2025-01-24,SendEmail,/api/email,104
2025-01-24,ResetPassword,/api/reset,100
2025-01-25,Login,/api/login,140
2025-01-25,Register,/api/register,91
2025-01-25,GetUser,/api/user,112
2025-01-25,Logout,/api/logout,127
2025-01-25,UpdateProfile,/api/update,141
2025-01-25,DeleteAccount,/api/delete,159
2025-01-25,FetchData,/api/fetch,126
2025-01-25,SubmitForm,/api/submit,121
2025-01-25,SendEmail,/api/email,147
2025-01-25,ResetPassword,/api/reset,101
2025-01-26,Login,/api/login,156
2025-01-26,Register,/api/register,118
2025-01-26,GetUser,/api/user,101
2025-01-26,Logout,/api/logout,132
2025-01-26,UpdateProfile,/api/update,139
2025-01-26,DeleteAccount,/api/delete,95
2025-01-26,FetchData,/api/fetch,127
2025-01-26,SubmitForm,/api/submit,107
2025-01-26,SendEmail,/api/email,91
2025-01-26,ResetPassword,/api/reset,95
2025-01-27,Login,/api/login,111
2025-01-27,Register,/api/register,140
2025-01-27,GetUser,/api/user,101
2025-01-27,Logout,/api/logout,129
2025-01-27,UpdateProfile,/api/update,131
2025-01-27,DeleteAccount,/api/delete,153
2025-01-27,FetchData,/api/fetch,160
2025-01-27,SubmitForm,/api/submit,103
2025-01-27,SendEmail,/api/email,117
2025-01-27,ResetPassword,/api/reset,130
2025-01-28,Login,/api/login,109
2025-01-28,Register,/api/register,101
2025-01-28,GetUser,/api/user,114
2025-01-28,Logout,/api/logout,137
2025-01-28,UpdateProfile,/api/update,124
2025-01-28,DeleteAccount,/api/delete,128
2025-01-28,FetchData,/api/fetch,152
2025-01-28,SubmitForm,/api/submit,122
2025-01-28,SendEmail,/api/email,115
2025-01-28,ResetPassword,/api/reset,95
2025-01-29,Login,/api/login,90
2025-01-29,Register,/api/register,133
2025-01-29,GetUser,/api/user,90
2025-01-29,Logout,/api/logout,102
2025-01-29,UpdateProfile,/api/update,154
2025-01-29,DeleteAccount,/api/delete,130
2025-01-29,FetchData,/api/fetch,92
2025-01-29,SubmitForm,/api/submit,136
2025-01-29,SendEmail,/api/email,93
2025-01-29,ResetPassword,/api/reset,158
2025-01-30,Login,/api/login,133
2025-01-30,Register,/api/register,120
2025-01-30,GetUser,/api/user,102
2025-01-30,Logout,/api/logout,136
2025-01-30,UpdateProfile,/api/update,122
2025-01-30,DeleteAccount,/api/delete,143
2025-01-30,FetchData,/api/fetch,102
2025-01-30,SubmitForm,/api/submit,130
2025-01-30,SendEmail,/api/email,145
2025-01-30,ResetPassword,/api/reset,140
2025-01-31,Login,/api/login,123
2025-01-31,Register,/api/register,136
2025-01-31,GetUser,/api/user,139
2025-01-31,Logout,/api/logout,158
2025-01-31,UpdateProfile,/api/update,121
2025-01-31,DeleteAccount,/api/delete,105
2025-01-31,FetchData,/api/fetch,147
2025-01-31,SubmitForm,/api/submit,134
2025-01-31,SendEmail,/api/email,116
2025-01-31,ResetPassword,/api/reset,143
2025-02-01,Login,/api/login,136
2025-02-01,Register,/api/register,112
2025-02-01,GetUser,/api/user,116
2025-02-01,Logout,/api/logout,116
2025-02-01,UpdateProfile,/api/update,97
2025-02-01,DeleteAccount,/api/delete,90
2025-02-01,FetchData,/api/fetch,106
2025-02-01,SubmitForm,/api/submit,102
2025-02-01,SendEmail,/api/email,158
2025-02-01,ResetPassword,/api/reset,144
2025-02-02,Login,/api/login,149
2025-02-02,Register,/api/register,110
2025-02-02,GetUser,/api/user,100
2025-02-02,Logout,/api/logout,129
2025-02-02,UpdateProfile,/api/update,111
2025-02-02,DeleteAccount,/api/delete,148
2025-02-02,FetchData,/api/fetch,131
2025-02-02,SubmitForm,/api/submit,142
2025-02-02,SendEmail,/api/email,145
2025-02-02,ResetPassword,/api/reset,113
2025-02-03,Login,/api/login,92
2025-02-03,Register,/api/register,101
2025-02-03,GetUser,/api/user,122
2025-02-03,Logout,/api/logout,101
2025-02-03,UpdateProfile,/api/update,121
2025-02-03,DeleteAccount,/api/delete,102
2025-02-03,FetchData,/api/fetch,102
2025-02-03,SubmitForm,/api/submit,141
2025-02-03,SendEmail,/api/email,118
2025-02-03,ResetPassword,/api/reset,115
2025-02-04,Login,/api/login,141
2025-02-04,Register,/api/register,105
2025-02-04,GetUser,/api/user,146
2025-02-04,Logout,/api/logout,135
2025-02-04,UpdateProfile,/api/update,147
2025-02-04,DeleteAccount,/api/delete,92
2025-02-04,FetchData,/api/fetch,135
2025-02-04,SubmitForm,/api/submit,127
2025-02-04,SendEmail,/api/email,115
2025-02-04,ResetPassword,/api/reset,92
2025-02-05,Login,/api/login,136
2025-02-05,Register,/api/register,134
2025-02-05,GetUser,/api/user,94
2025-02-05,Logout,/api/logout,134
2025-02-05,UpdateProfile,/api/update,158
2025-02-05,DeleteAccount,/api/delete,108
2025-02-05,FetchData,/api/fetch,125
2025-02-05,SubmitForm,/api/submit,154
2025-02-05,SendEmail,/api/email,139
2025-02-05,ResetPassword,/api/reset,127
2025-02-06,Login,/api/login,137
2025-02-06,Register,/api/register,124
2025-02-06,GetUser,/api/user,143
2025-02-06,Logout,/api/logout,118
2025-02-06,UpdateProfile,/api/update,108
2025-02-06,DeleteAccount,/api/delete,150
2025-02-06,FetchData,/api/fetch,93
2025-02-06,SubmitForm,/api/submit,122
2025-02-06,SendEmail,/api/email,141
2025-02-06,ResetPassword,/api/reset,126
2025-02-07,Login,/api/login,119
2025-02-07,Register,/api/register,127
2025-02-07,GetUser,/api/user,146
2025-02-07,Logout,/api/logout,118
2025-02-07,UpdateProfile,/api/update,138
2025-02-07,DeleteAccount,/api/delete,121
2025-02-07,FetchData,/api/fetch,111
2025-02-07,SubmitForm,/api/submit,107
2025-02-07,SendEmail,/api/email,109
2025-02-07,ResetPassword,/api/reset,131
2025-02-08,Login,/api/login,98
2025-02-08,Register,/api/register,117
2025-02-08,GetUser,/api/user,110
2025-02-08,Logout,/api/logout,114
2025-02-08,UpdateProfile,/api/update,159
2025-02-08,DeleteAccount,/api/delete,147
2025-02-08,FetchData,/api/fetch,134
2025-02-08,SubmitForm,/api/submit,95
2025-02-08,SendEmail,/api/email,109
2025-02-08,ResetPassword,/api/reset,101
2025-02-09,Login,/api/login,139
2025-02-09,Register,/api/register,159
2025-02-09,GetUser,/api/user,125
2025-02-09,Logout,/api/logout,93
2025-02-09,UpdateProfile,/api/update,101
2025-02-09,DeleteAccount,/api/delete,103
2025-02-09,FetchData,/api/fetch,153
2025-02-09,SubmitForm,/api/submit,151
2025-02-09,SendEmail,/api/email,139
2025-02-09,ResetPassword,/api/reset,159
2025-02-10,Login,/api/login,141
2025-02-10,Register,/api/register,154
2025-02-10,GetUser,/api/user,157
2025-02-10,Logout,/api/logout,147
2025-02-10,UpdateProfile,/api/update,123
2025-02-10,DeleteAccount,/api/delete,121
2025-02-10,FetchData,/api/fetch,135
2025-02-10,SubmitForm,/api/submit,102
2025-02-10,SendEmail,/api/email,108
2025-02-10,ResetPassword,/api/reset,110
2025-02-11,Login,/api/login,146
2025-02-11,Register,/api/register,108
2025-02-11,GetUser,/api/user,141
2025-02-11,Logout,/api/logout,135
2025-02-11,UpdateProfile,/api/update,131
2025-02-11,DeleteAccount,/api/delete,142
2025-02-11,FetchData,/api/fetch,154
2025-02-11,SubmitForm,/api/submit,99
2025-02-11,SendEmail,/api/email,109
2025-02-11,ResetPassword,/api/reset,117
2025-02-12,Login,/api/login,120
2025-02-12,Register,/api/register,140
2025-02-12,GetUser,/api/user,97
2025-02-12,Logout,/api/logout,100
2025-02-12,UpdateProfile,/api/update,147
2025-02-12,DeleteAccount,/api/delete,145
2025-02-12,FetchData,/api/fetch,148
2025-02-12,SubmitForm,/api/submit,127
2025-02-12,SendEmail,/api/email,121
2025-02-12,ResetPassword,/api/reset,111
2025-02-13,Login,/api/login,115
2025-02-13,Register,/api/register,129
2025-02-13,GetUser,/api/user,104
2025-02-13,Logout,/api/logout,149
2025-02-13,UpdateProfile,/api/update,100
2025-02-13,DeleteAccount,/api/delete,120
2025-02-13,FetchData,/api/fetch,113
2025-02-13,SubmitForm,/api/submit,132
2025-02-13,SendEmail,/api/email,142
2025-02-13,ResetPassword,/api/reset,150
2025-02-14,Login,/api/login,151
2025-02-14,Register,/api/register,145
2025-02-14,GetUser,/api/user,100
2025-02-14,Logout,/api/logout,92
2025-02-14,UpdateProfile,/api/update,137
2025-02-14,DeleteAccount,/api/delete,139
2025-02-14,FetchData,/api/fetch,120
2025-02-14,SubmitForm,/api/submit,120
2025-02-14,SendEmail,/api/email,151
2025-02-14,ResetPassword,/api/reset,98
2025-02-15,Login,/api/login,115
2025-02-15,Register,/api/register,109
2025-02-15,GetUser,/api/user,141
2025-02-15,Logout,/api/logout,102
2025-02-15,UpdateProfile,/api/update,153
2025-02-15,DeleteAccount,/api/delete,97
2025-02-15,FetchData,/api/fetch,152
2025-02-15,SubmitForm,/api/submit,92
2025-02-15,SendEmail,/api/email,127
2025-02-15,ResetPassword,/api/reset,105
2025-02-16,Login,/api/login,98
2025-02-16,Register,/api/register,120
2025-02-16,GetUser,/api/user,141
2025-02-16,Logout,/api/logout,117
2025-02-16,UpdateProfile,/api/update,127
2025-02-16,DeleteAccount,/api/delete,128
2025-02-16,FetchData,/api/fetch,121
2025-02-16,SubmitForm,/api/submit,119
2025-02-16,SendEmail,/api/email,159
2025-02-16,ResetPassword,/api/reset,139
2025-02-17,Login,/api/login,111
2025-02-17,Register,/api/register,159
2025-02-17,GetUser,/api/user,159
2025-02-17,Logout,/api/logout,104
2025-02-17,UpdateProfile,/api/update,142
2025-02-17,DeleteAccount,/api/delete,152
2025-02-17,FetchData,/api/fetch,133
2025-02-17,SubmitForm,/api/submit,151
2025-02-17,SendEmail,/api/email,144
2025-02-17,ResetPassword,/api/reset,144
2025-02-18,Login,/api/login,105
2025-02-18,Register,/api/register,149
2025-02-18,GetUser,/api/user,160
2025-02-18,Logout,/api/logout,151
2025-02-18,UpdateProfile,/api/update,103
2025-02-18,DeleteAccount,/api/delete,109
2025-02-18,FetchData,/api/fetch,104
2025-02-18,SubmitForm,/api/submit,160
2025-02-18,SendEmail,/api/email,94
2025-02-18,ResetPassword,/api/reset,146
2025-02-19,Login,/api/login,153
2025-02-19,Register,/api/register,151
2025-02-19,GetUser,/api/user,152
2025-02-19,Logout,/api/logout,119
2025-02-19,UpdateProfile,/api/update,158
2025-02-19,DeleteAccount,/api/delete,154
2025-02-19,FetchData,/api/fetch,136
2025-02-19,SubmitForm,/api/submit,154
2025-02-19,SendEmail,/api/email,108
2025-02-19,ResetPassword,/api/reset,144
2025-02-20,Login,/api/login,104
2025-02-20,Register,/api/register,95
2025-02-20,GetUser,/api/user,121
2025-02-20,Logout,/api/logout,124
2025-02-20,UpdateProfile,/api/update,160
2025-02-20,DeleteAccount,/api/delete,99
2025-02-20,FetchData,/api/fetch,105
2025-02-20,SubmitForm,/api/submit,123
2025-02-20,SendEmail,/api/email,158
2025-02-20,ResetPassword,/api/reset,139
2025-02-21,Login,/api/login,118
2025-02-21,Register,/api/register,105
2025-02-21,GetUser,/api/user,129
2025-02-21,Logout,/api/logout,96
2025-02-21,UpdateProfile,/api/update,122
2025-02-21,DeleteAccount,/api/delete,128
2025-02-21,FetchData,/api/fetch,132
2025-02-21,SubmitForm,/api/submit,128
2025-02-21,SendEmail,/api/email,101
2025-02-21,ResetPassword,/api/reset,121
2025-02-22,Login,/api/login,155
2025-02-22,Register,/api/register,96
2025-02-22,GetUser,/api/user,113
2025-02-22,Logout,/api/logout,116
2025-02-22,UpdateProfile,/api/update,141
2025-02-22,DeleteAccount,/api/delete,127
2025-02-22,FetchData,/api/fetch,115
2025-02-22,SubmitForm,/api/submit,93
2025-02-22,SendEmail,/api/email,103
2025-02-22,ResetPassword,/api/reset,126
2025-02-23,Login,/api/login,142
2025-02-23,Register,/api/register,153
2025-02-23,GetUser,/api/user,127
2025-02-23,Logout,/api/logout,115
2025-02-23,UpdateProfile,/api/update,108
2025-02-23,DeleteAccount,/api/delete,119
2025-02-23,FetchData,/api/fetch,114
2025-02-23,SubmitForm,/api/submit,118
2025-02-23,SendEmail,/api/email,142
2025-02-23,ResetPassword,/api/reset,160
2025-02-24,Login,/api/login,129
2025-02-24,Register,/api/register,125
2025-02-24,GetUser,/api/user,121
2025-02-24,Logout,/api/logout,138
2025-02-24,UpdateProfile,/api/update,137
2025-02-24,DeleteAccount,/api/delete,103
2025-02-24,FetchData,/api/fetch,156
2025-02-24,SubmitForm,/api/submit,133
2025-02-24,SendEmail,/api/email,107
2025-02-24,ResetPassword,/api/reset,145
2025-02-25,Login,/api/login,107
2025-02-25,Register,/api/register,105
2025-02-25,GetUser,/api/user,97
2025-02-25,Logout,/api/logout,159
2025-02-25,UpdateProfile,/api/update,114
2025-02-25,DeleteAccount,/api/delete,146
2025-02-25,FetchData,/api/fetch,159
2025-02-25,SubmitForm,/api/submit,124
2025-02-25,SendEmail,/api/email,143
2025-02-25,ResetPassword,/api/reset,132
2025-02-26,Login,/api/login,134
2025-02-26,Register,/api/register,93
2025-02-26,GetUser,/api/user,129
2025-02-26,Logout,/api/logout,122
2025-02-26,UpdateProfile,/api/update,119
2025-02-26,DeleteAccount,/api/delete,142
2025-02-26,FetchData,/api/fetch,93
2025-02-26,SubmitForm,/api/submit,108
2025-02-26,SendEmail,/api/email,95
2025-02-26,ResetPassword,/api/reset,92
2025-02-27,Login,/api/login,153
2025-02-27,Register,/api/register,122
2025-02-27,GetUser,/api/user,151
2025-02-27,Logout,/api/logout,124
2025-02-27,UpdateProfile,/api/update,113
2025-02-27,DeleteAccount,/api/delete,146
2025-02-27,FetchData,/api/fetch,96
2025-02-27,SubmitForm,/api/submit,159
2025-02-27,SendEmail,/api/email,136
2025-02-27,ResetPassword,/api/reset,124
2025-02-28,Login,/api/login,108
2025-02-28,Register,/api/register,100
2025-02-28,GetUser,/api/user,139
2025-02-28,Logout,/api/logout,152
2025-02-28,UpdateProfile,/api/update,155
2025-02-28,DeleteAccount,/api/delete,147
2025-02-28,FetchData,/api/fetch,134
2025-02-28,SubmitForm,/api/submit,139
2025-02-28,SendEmail,/api/email,157
2025-02-28,ResetPassword,/api/reset,111
2025-03-01,Login,/api/login,112
2025-03-01,Register,/api/register,130
2025-03-01,GetUser,/api/user,146
2025-03-01,Logout,/api/logout,137
2025-03-01,UpdateProfile,/api/update,137
2025-03-01,DeleteAccount,/api/delete,130
2025-03-01,FetchData,/api/fetch,107
2025-03-01,SubmitForm,/api/submit,121
2025-03-01,SendEmail,/api/email,118
2025-03-01,ResetPassword,/api/reset,137
2025-03-02,Login,/api/login,130
2025-03-02,Register,/api/register,94
2025-03-02,GetUser,/api/user,141
2025-03-02,Logout,/api/logout,95
2025-03-02,UpdateProfile,/api/update,90
2025-03-02,DeleteAccount,/api/delete,100
2025-03-02,FetchData,/api/fetch,112
2025-03-02,SubmitForm,/api/submit,157
2025-03-02,SendEmail,/api/email,114
2025-03-02,ResetPassword,/api/reset,155
2025-03-03,Login,/api/login,98
2025-03-03,Register,/api/register,147
2025-03-03,GetUser,/api/user,140
2025-03-03,Logout,/api/logout,139
2025-03-03,UpdateProfile,/api/update,131
2025-03-03,DeleteAccount,/api/delete,140
2025-03-03,FetchData,/api/fetch,146
2025-03-03,SubmitForm,/api/submit,90
2025-03-03,SendEmail,/api/email,92
2025-03-03,ResetPassword,/api/reset,92
2025-03-04,Login,/api/login,90
2025-03-04,Register,/api/register,129
2025-03-04,GetUser,/api/user,156
2025-03-04,Logout,/api/logout,114
2025-03-04,UpdateProfile,/api/update,100
2025-03-04,DeleteAccount,/api/delete,105
2025-03-04,FetchData,/api/fetch,104
2025-03-04,SubmitForm,/api/submit,125
2025-03-04,SendEmail,/api/email,120
2025-03-04,ResetPassword,/api/reset,106
2025-03-05,Login,/api/login,141
2025-03-05,Register,/api/register,159
2025-03-05,GetUser,/api/user,130
2025-03-05,Logout,/api/logout,134
2025-03-05,UpdateProfile,/api/update,106
2025-03-05,DeleteAccount,/api/delete,112
2025-03-05,FetchData,/api/fetch,95
2025-03-05,SubmitForm,/api/submit,112
2025-03-05,SendEmail,/api/email,151
2025-03-05,ResetPassword,/api/reset,155
2025-03-06,Login,/api/login,156
2025-03-06,Register,/api/register,160
2025-03-06,GetUser,/api/user,91
2025-03-06,Logout,/api/logout,92
2025-03-06,UpdateProfile,/api/update,141
2025-03-06,DeleteAccount,/api/delete,93
2025-03-06,FetchData,/api/fetch,94
2025-03-06,SubmitForm,/api/submit,108
2025-03-06,SendEmail,/api/email,103
2025-03-06,ResetPassword,/api/reset,91
2025-03-07,Login,/api/login,93
2025-03-07,Register,/api/register,109
2025-03-07,GetUser,/api/user,109
2025-03-07,Logout,/api/logout,149
2025-03-07,UpdateProfile,/api/update,153
2025-03-07,DeleteAccount,/api/delete,130
2025-03-07,FetchData,/api/fetch,100
2025-03-07,SubmitForm,/api/submit,149
2025-03-07,SendEmail,/api/email,119
2025-03-07,ResetPassword,/api/reset,96
2025-03-08,Login,/api/login,139
2025-03-08,Register,/api/register,132
2025-03-08,GetUser,/api/user,107
2025-03-08,Logout,/api/logout,107
2025-03-08,UpdateProfile,/api/update,136
2025-03-08,DeleteAccount,/api/delete,94
2025-03-08,FetchData,/api/fetch,125
2025-03-08,SubmitForm,/api/submit,131
2025-03-08,SendEmail,/api/email,110
2025-03-08,ResetPassword,/api/reset,148
2025-03-09,Login,/api/login,154
2025-03-09,Register,/api/register,99
2025-03-09,GetUser,/api/user,126
2025-03-09,Logout,/api/logout,108
2025-03-09,UpdateProfile,/api/update,105
2025-03-09,DeleteAccount,/api/delete,154
2025-03-09,FetchData,/api/fetch,151
2025-03-09,SubmitForm,/api/submit,132
2025-03-09,SendEmail,/api/email,157
2025-03-09,ResetPassword,/api/reset,105
2025-03-10,Login,/api/login,110
2025-03-10,Register,/api/register,119
2025-03-10,GetUser,/api/user,142
2025-03-10,Logout,/api/logout,98
2025-03-10,UpdateProfile,/api/update,142
2025-03-10,DeleteAccount,/api/delete,156
2025-03-10,FetchData,/api/fetch,155
2025-03-10,SubmitForm,/api/submit,157
2025-03-10,SendEmail,/api/email,120
2025-03-10,ResetPassword,/api/reset,156
2025-03-11,Login,/api/login,157
2025-03-11,Register,/api/register,123
2025-03-11,GetUser,/api/user,153
2025-03-11,Logout,/api/logout,157
2025-03-11,UpdateProfile,/api/update,130
2025-03-11,DeleteAccount,/api/delete,123
2025-03-11,FetchData,/api/fetch,138
2025-03-11,SubmitForm,/api/submit,90
2025-03-11,SendEmail,/api/email,140
2025-03-11,ResetPassword,/api/reset,137
2025-03-12,Login,/api/login,142
2025-03-12,Register,/api/register,121
2025-03-12,GetUser,/api/user,142
2025-03-12,Logout,/api/logout,108
2025-03-12,UpdateProfile,/api/update,157
2025-03-12,DeleteAccount,/api/delete,131
2025-03-12,FetchData,/api/fetch,100
2025-03-12,SubmitForm,/api/submit,146
2025-03-12,SendEmail,/api/email,160
2025-03-12,ResetPassword,/api/reset,160
2025-03-13,Login,/api/login,97
2025-03-13,Register,/api/register,108
2025-03-13,GetUser,/api/user,92
2025-03-13,Logout,/api/logout,100
2025-03-13,UpdateProfile,/api/update,134
2025-03-13,DeleteAccount,/api/delete,114
2025-03-13,FetchData,/api/fetch,141
2025-03-13,SubmitForm,/api/submit,100
2025-03-13,SendEmail,/api/email,144
2025-03-13,ResetPassword,/api/reset,131
2025-03-14,Login,/api/login,135
2025-03-14,Register,/api/register,103
2025-03-14,GetUser,/api/user,103
2025-03-14,Logout,/api/logout,121
2025-03-14,UpdateProfile,/api/update,109
2025-03-14,DeleteAccount,/api/delete,90
2025-03-14,FetchData,/api/fetch,159
2025-03-14,SubmitForm,/api/submit,148
2025-03-14,SendEmail,/api/email,143
2025-03-14,ResetPassword,/api/reset,132
2025-03-15,Login,/api/login,121
2025-03-15,Register,/api/register,112
2025-03-15,GetUser,/api/user,111
2025-03-15,Logout,/api/logout,158
2025-03-15,UpdateProfile,/api/update,157
2025-03-15,DeleteAccount,/api/delete,115
2025-03-15,FetchData,/api/fetch,141
2025-03-15,SubmitForm,/api/submit,129
2025-03-15,SendEmail,/api/email,141
2025-03-15,ResetPassword,/api/reset,153
2025-03-16,Login,/api/login,152
2025-03-16,Register,/api/register,109
2025-03-16,GetUser,/api/user,152
2025-03-16,Logout,/api/logout,93
2025-03-16,UpdateProfile,/api/update,127
2025-03-16,DeleteAccount,/api/delete,131
2025-03-16,FetchData,/api/fetch,126
2025-03-16,SubmitForm,/api/submit,141
2025-03-16,SendEmail,/api/email,126
2025-03-16,ResetPassword,/api/reset,126
2025-03-17,Login,/api/login,122
2025-03-17,Register,/api/register,126
2025-03-17,GetUser,/api/user,122
2025-03-17,Logout,/api/logout,152
2025-03-17,UpdateProfile,/api/update,125
2025-03-17,DeleteAccount,/api/delete,114
2025-03-17,FetchData,/api/fetch,128
2025-03-17,SubmitForm,/api/submit,154
2025-03-17,SendEmail,/api/email,154
2025-03-17,ResetPassword,/api/reset,147
2025-03-18,Login,/api/login,104
2025-03-18,Register,/api/register,111
2025-03-18,GetUser,/api/user,126
2025-03-18,Logout,/api/logout,124
2025-03-18,UpdateProfile,/api/update,139
2025-03-18,DeleteAccount,/api/delete,151
2025-03-18,FetchData,/api/fetch,126
2025-03-18,SubmitForm,/api/submit,139
2025-03-18,SendEmail,/api/email,129
2025-03-18,ResetPassword,/api/reset,103
2025-03-19,Login,/api/login,141
2025-03-19,Register,/api/register,146
2025-03-19,GetUser,/api/user,154
2025-03-19,Logout,/api/logout,159
2025-03-19,UpdateProfile,/api/update,119
2025-03-19,DeleteAccount,/api/delete,122
2025-03-19,FetchData,/api/fetch,147
2025-03-19,SubmitForm,/api/submit,147
2025-03-19,SendEmail,/api/email,112
2025-03-19,ResetPassword,/api/reset,141
2025-03-20,Login,/api/login,101
2025-03-20,Register,/api/register,99
2025-03-20,GetUser,/api/user,110
2025-03-20,Logout,/api/logout,148
2025-03-20,UpdateProfile,/api/update,128
2025-03-20,DeleteAccount,/api/delete,135
2025-03-20,FetchData,/api/fetch,152
2025-03-20,SubmitForm,/api/submit,125
2025-03-20,SendEmail,/api/email,92
2025-03-20,ResetPassword,/api/reset,121
2025-03-21,Login,/api/login,141
2025-03-21,Register,/api/register,155
2025-03-21,GetUser,/api/user,143
2025-03-21,Logout,/api/logout,136
2025-03-21,UpdateProfile,/api/update,106
2025-03-21,DeleteAccount,/api/delete,140
2025-03-21,FetchData,/api/fetch,102
2025-03-21,SubmitForm,/api/submit,128
2025-03-21,SendEmail,/api/email,130
2025-03-21,ResetPassword,/api/reset,142
2025-03-22,Login,/api/login,148
2025-03-22,Register,/api/register,154
2025-03-22,GetUser,/api/user,101
2025-03-22,Logout,/api/logout,153
2025-03-22,UpdateProfile,/api/update,115
2025-03-22,DeleteAccount,/api/delete,105
2025-03-22,FetchData,/api/fetch,116
2025-03-22,SubmitForm,/api/submit,147
2025-03-22,SendEmail,/api/email,143
2025-03-22,ResetPassword,/api/reset,127
2025-03-23,Login,/api/login,144
2025-03-23,Register,/api/register,134
2025-03-23,GetUser,/api/user,102
2025-03-23,Logout,/api/logout,105
2025-03-23,UpdateProfile,/api/update,111
2025-03-23,DeleteAccount,/api/delete,120
2025-03-23,FetchData,/api/fetch,149
2025-03-23,SubmitForm,/api/submit,116
2025-03-23,SendEmail,/api/email,95
2025-03-23,ResetPassword,/api/reset,99
2025-03-24,Login,/api/login,120
2025-03-24,Register,/api/register,123
2025-03-24,GetUser,/api/user,150
2025-03-24,Logout,/api/logout,136
2025-03-24,UpdateProfile,/api/update,94
2025-03-24,DeleteAccount,/api/delete,137
2025-03-24,FetchData,/api/fetch,143
2025-03-24,SubmitForm,/api/submit,132
2025-03-24,SendEmail,/api/email,134
2025-03-24,ResetPassword,/api/reset,117
2025-03-25,Login,/api/login,159
2025-03-25,Register,/api/register,100
2025-03-25,GetUser,/api/user,142
2025-03-25,Logout,/api/logout,141
2025-03-25,UpdateProfile,/api/update,139
2025-03-25,DeleteAccount,/api/delete,132
2025-03-25,FetchData,/api/fetch,119
2025-03-25,SubmitForm,/api/submit,118
2025-03-25,SendEmail,/api/email,140
2025-03-25,ResetPassword,/api/reset,98
2025-03-26,Login,/api/login,111
2025-03-26,Register,/api/register,97
2025-03-26,GetUser,/api/user,151
2025-03-26,Logout,/api/logout,141
2025-03-26,UpdateProfile,/api/update,151
2025-03-26,DeleteAccount,/api/delete,144
2025-03-26,FetchData,/api/fetch,154
2025-03-26,SubmitForm,/api/submit,137
2025-03-26,SendEmail,/api/email,131
2025-03-26,ResetPassword,/api/reset,151
2025-03-27,Login,/api/login,109
2025-03-27,Register,/api/register,134
2025-03-27,GetUser,/api/user,160
2025-03-27,Logout,/api/logout,142
2025-03-27,UpdateProfile,/api/update,140
2025-03-27,DeleteAccount,/api/delete,128
2025-03-27,FetchData,/api/fetch,106
2025-03-27,SubmitForm,/api/submit,123
2025-03-27,SendEmail,/api/email,131
2025-03-27,ResetPassword,/api/reset,121
2025-03-28,Login,/api/login,152
2025-03-28,Register,/api/register,101
2025-03-28,GetUser,/api/user,108
2025-03-28,Logout,/api/logout,119
2025-03-28,UpdateProfile,/api/update,97
2025-03-28,DeleteAccount,/api/delete,111
2025-03-28,FetchData,/api/fetch,126
2025-03-28,SubmitForm,/api/submit,122
2025-03-28,SendEmail,/api/email,147
2025-03-28,ResetPassword,/api/reset,91
2025-03-29,Login,/api/login,118
2025-03-29,Register,/api/register,107
2025-03-29,GetUser,/api/user,99
2025-03-29,Logout,/api/logout,121
2025-03-29,UpdateProfile,/api/update,140
2025-03-29,DeleteAccount,/api/delete,125
2025-03-29,FetchData,/api/fetch,95
2025-03-29,SubmitForm,/api/submit,95
2025-03-29,SendEmail,/api/email,120
2025-03-29,ResetPassword,/api/reset,101
2025-03-30,Login,/api/login,115
2025-03-30,Register,/api/register,141
2025-03-30,GetUser,/api/user,149
2025-03-30,Logout,/api/logout,91
2025-03-30,UpdateProfile,/api/update,106
2025-03-30,DeleteAccount,/api/delete,134
2025-03-30,FetchData,/api/fetch,106
2025-03-30,SubmitForm,/api/submit,118
2025-03-30,SendEmail,/api/email,155
2025-03-30,ResetPassword,/api/reset,129
2025-03-31,Login,/api/login,124
2025-03-31,Register,/api/register,118
2025-03-31,GetUser,/api/user,139
2025-03-31,Logout,/api/logout,131
2025-03-31,UpdateProfile,/api/update,101
2025-03-31,DeleteAccount,/api/delete,151
2025-03-31,FetchData,/api/fetch,157
2025-03-31,SubmitForm,/api/submit,149
2025-03-31,SendEmail,/api/email,121
2025-03-31,ResetPassword,/api/reset,160
2025-04-01,Login,/api/login,133
2025-04-01,Register,/api/register,101
2025-04-01,GetUser,/api/user,102
2025-04-01,Logout,/api/logout,95
2025-04-01,UpdateProfile,/api/update,108
2025-04-01,DeleteAccount,/api/delete,102
2025-04-01,FetchData,/api/fetch,92
2025-04-01,SubmitForm,/api/submit,90
2025-04-01,SendEmail,/api/email,108
2025-04-01,ResetPassword,/api/reset,103
2025-04-02,Login,/api/login,117
2025-04-02,Register,/api/register,126
2025-04-02,GetUser,/api/user,160
2025-04-02,Logout,/api/logout,131
2025-04-02,UpdateProfile,/api/update,98
2025-04-02,DeleteAccount,/api/delete,145
2025-04-02,FetchData,/api/fetch,112
2025-04-02,SubmitForm,/api/submit,132
2025-04-02,SendEmail,/api/email,158
2025-04-02,ResetPassword,/api/reset,132
2025-04-03,Login,/api/login,135
2025-04-03,Register,/api/register,137
2025-04-03,GetUser,/api/user,106
2025-04-03,Logout,/api/logout,111
2025-04-03,UpdateProfile,/api/update,112
2025-04-03,DeleteAccount,/api/delete,145
2025-04-03,FetchData,/api/fetch,105
2025-04-03,SubmitForm,/api/submit,117
2025-04-03,SendEmail,/api/email,159
2025-04-03,ResetPassword,/api/reset,159
2025-04-04,Login,/api/login,148
2025-04-04,Register,/api/register,93
2025-04-04,GetUser,/api/user,129
2025-04-04,Logout,/api/logout,121
2025-04-04,UpdateProfile,/api/update,126
2025-04-04,DeleteAccount,/api/delete,124
2025-04-04,FetchData,/api/fetch,120
2025-04-04,SubmitForm,/api/submit,139
2025-04-04,SendEmail,/api/email,147
2025-04-04,ResetPassword,/api/reset,159
2025-04-05,Login,/api/login,158
2025-04-05,Register,/api/register,138
2025-04-05,GetUser,/api/user,120
2025-04-05,Logout,/api/logout,157
2025-04-05,UpdateProfile,/api/update,157
2025-04-05,DeleteAccount,/api/delete,96
2025-04-05,FetchData,/api/fetch,115
2025-04-05,SubmitForm,/api/submit,160
2025-04-05,SendEmail,/api/email,139
2025-04-05,ResetPassword,/api/reset,96
2025-04-06,Login,/api/login,134
2025-04-06,Register,/api/register,150
2025-04-06,GetUser,/api/user,103
2025-04-06,Logout,/api/logout,126
2025-04-06,UpdateProfile,/api/update,122
2025-04-06,DeleteAccount,/api/delete,126
2025-04-06,FetchData,/api/fetch,160
2025-04-06,SubmitForm,/api/submit,159
2025-04-06,SendEmail,/api/email,143
2025-04-06,ResetPassword,/api/reset,136
2025-04-07,Login,/api/login,96
2025-04-07,Register,/api/register,130
2025-04-07,GetUser,/api/user,149
2025-04-07,Logout,/api/logout,143
2025-04-07,UpdateProfile,/api/update,102
2025-04-07,DeleteAccount,/api/delete,128
2025-04-07,FetchData,/api/fetch,118
2025-04-07,SubmitForm,/api/submit,148
2025-04-07,SendEmail,/api/email,160
2025-04-07,ResetPassword,/api/reset,123
2025-04-08,Login,/api/login,118
2025-04-08,Register,/api/register,146
2025-04-08,GetUser,/api/user,146
2025-04-08,Logout,/api/logout,159
2025-04-08,UpdateProfile,/api/update,160
2025-04-08,DeleteAccount,/api/delete,144
2025-04-08,FetchData,/api/fetch,90
2025-04-08,SubmitForm,/api/submit,103
2025-04-08,SendEmail,/api/email,144
2025-04-08,ResetPassword,/api/reset,107
2025-04-09,Login,/api/login,126
2025-04-09,Register,/api/register,103
2025-04-09,GetUser,/api/user,133
2025-04-09,Logout,/api/logout,129
2025-04-09,UpdateProfile,/api/update,147
2025-04-09,DeleteAccount,/api/delete,121
2025-04-09,FetchData,/api/fetch,143
2025-04-09,SubmitForm,/api/submit,107
2025-04-09,SendEmail,/api/email,140
2025-04-09,ResetPassword,/api/reset,120
2025-04-10,Login,/api/login,155
2025-04-10,Register,/api/register,121
2025-04-10,GetUser,/api/user,156
2025-04-10,Logout,/api/logout,94
2025-04-10,UpdateProfile,/api/update,109
2025-04-10,DeleteAccount,/api/delete,98
2025-04-10,FetchData,/api/fetch,101
2025-04-10,SubmitForm,/api/submit,90
2025-04-10,SendEmail,/api/email,132
2025-04-10,ResetPassword,/api/reset,95
2025-04-11,Login,/api/login,128
2025-04-11,Register,/api/register,126
2025-04-11,GetUser,/api/user,116
2025-04-11,Logout,/api/logout,127
2025-04-11,UpdateProfile,/api/update,91
2025-04-11,DeleteAccount,/api/delete,141
2025-04-11,FetchData,/api/fetch,107
2025-04-11,SubmitForm,/api/submit,125
2025-04-11,SendEmail,/api/email,102
2025-04-11,ResetPassword,/api/reset,155
2025-04-12,Login,/api/login,97
2025-04-12,Register,/api/register,155
2025-04-12,GetUser,/api/user,150
2025-04-12,Logout,/api/logout,99
2025-04-12,UpdateProfile,/api/update,151
2025-04-12,DeleteAccount,/api/delete,130
2025-04-12,FetchData,/api/fetch,125
2025-04-12,SubmitForm,/api/submit,150
2025-04-12,SendEmail,/api/email,101
2025-04-12,ResetPassword,/api/reset,107
2025-04-13,Login,/api/login,154
2025-04-13,Register,/api/register,98
2025-04-13,GetUser,/api/user,158
2025-04-13,Logout,/api/logout,152
2025-04-13,UpdateProfile,/api/update,119
2025-04-13,DeleteAccount,/api/delete,115
2025-04-13,FetchData,/api/fetch,140
2025-04-13,SubmitForm,/api/submit,101
2025-04-13,SendEmail,/api/email,136
2025-04-13,ResetPassword,/api/reset,125
2025-04-14,Login,/api/login,107
2025-04-14,Register,/api/register,129
2025-04-14,GetUser,/api/user,98
2025-04-14,Logout,/api/logout,134
2025-04-14,UpdateProfile,/api/update,106
2025-04-14,DeleteAccount,/api/delete,111
2025-04-14,FetchData,/api/fetch,141
2025-04-14,SubmitForm,/api/submit,159
2025-04-14,SendEmail,/api/email,138
2025-04-14,ResetPassword,/api/reset,116
2025-04-15,Login,/api/login,94
2025-04-15,Register,/api/register,153
2025-04-15,GetUser,/api/user,117
2025-04-15,Logout,/api/logout,106
2025-04-15,UpdateProfile,/api/update,153
2025-04-15,DeleteAccount,/api/delete,105
2025-04-15,FetchData,/api/fetch,156
2025-04-15,SubmitForm,/api/submit,160
2025-04-15,SendEmail,/api/email,109
2025-04-15,ResetPassword,/api/reset,109
2025-04-16,Login,/api/login,104
2025-04-16,Register,/api/register,92
2025-04-16,GetUser,/api/user,121
2025-04-16,Logout,/api/logout,116
2025-04-16,UpdateProfile,/api/update,144
2025-04-16,DeleteAccount,/api/delete,115
2025-04-16,FetchData,/api/fetch,128
2025-04-16,SubmitForm,/api/submit,157
2025-04-16,SendEmail,/api/email,90
2025-04-16,ResetPassword,/api/reset,123
2025-04-17,Login,/api/login,148
2025-04-17,Register,/api/register,134
2025-04-17,GetUser,/api/user,130
2025-04-17,Logout,/api/logout,90
2025-04-17,UpdateProfile,/api/update,138
2025-04-17,DeleteAccount,/api/delete,117
2025-04-17,FetchData,/api/fetch,120
2025-04-17,SubmitForm,/api/submit,101
2025-04-17,SendEmail,/api/email,134
2025-04-17,ResetPassword,/api/reset,151
2025-04-18,Login,/api/login,144
2025-04-18,Register,/api/register,103
2025-04-18,GetUser,/api/user,137
2025-04-18,Logout,/api/logout,150
2025-04-18,UpdateProfile,/api/update,123
2025-04-18,DeleteAccount,/api/delete,101
2025-04-18,FetchData,/api/fetch,133
2025-04-18,SubmitForm,/api/submit,150
2025-04-18,SendEmail,/api/email,114
2025-04-18,ResetPassword,/api/reset,121
2025-04-19,Login,/api/login,109
2025-04-19,Register,/api/register,149
2025-04-19,GetUser,/api/user,158
2025-04-19,Logout,/api/logout,122
2025-04-19,UpdateProfile,/api/update,137
2025-04-19,DeleteAccount,/api/delete,153
2025-04-19,FetchData,/api/fetch,114
2025-04-19,SubmitForm,/api/submit,120
2025-04-19,SendEmail,/api/email,139
2025-04-19,ResetPassword,/api/reset,149
2025-04-20,Login,/api/login,136
2025-04-20,Register,/api/register,109
2025-04-20,GetUser,/api/user,114
2025-04-20,Logout,/api/logout,116
2025-04-20,UpdateProfile,/api/update,134
2025-04-20,DeleteAccount,/api/delete,124
2025-04-20,FetchData,/api/fetch,134
2025-04-20,SubmitForm,/api/submit,109
2025-04-20,SendEmail,/api/email,113
2025-04-20,ResetPassword,/api/reset,90
2025-04-21,Login,/api/login,121
2025-04-21,Register,/api/register,111
2025-04-21,GetUser,/api/user,150
2025-04-21,Logout,/api/logout,102
2025-04-21,UpdateProfile,/api/update,146
2025-04-21,DeleteAccount,/api/delete,105
2025-04-21,FetchData,/api/fetch,148
2025-04-21,SubmitForm,/api/submit,136
2025-04-21,SendEmail,/api/email,126
2025-04-21,ResetPassword,/api/reset,154
2025-04-22,Login,/api/login,109
2025-04-22,Register,/api/register,156
2025-04-22,GetUser,/api/user,145
2025-04-22,Logout,/api/logout,109
2025-04-22,UpdateProfile,/api/update,105
2025-04-22,DeleteAccount,/api/delete,135
2025-04-22,FetchData,/api/fetch,131
2025-04-22,SubmitForm,/api/submit,137
2025-04-22,SendEmail,/api/email,108
2025-04-22,ResetPassword,/api/reset,95
2025-04-23,Login,/api/login,152
2025-04-23,Register,/api/register,92
2025-04-23,GetUser,/api/user,155
2025-04-23,Logout,/api/logout,129
2025-04-23,UpdateProfile,/api/update,104
2025-04-23,DeleteAccount,/api/delete,134
2025-04-23,FetchData,/api/fetch,105
2025-04-23,SubmitForm,/api/submit,138
2025-04-23,SendEmail,/api/email,112
2025-04-23,ResetPassword,/api/reset,153
2025-04-24,Login,/api/login,151
2025-04-24,Register,/api/register,125
2025-04-24,GetUser,/api/user,138
2025-04-24,Logout,/api/logout,106
2025-04-24,UpdateProfile,/api/update,159
2025-04-24,DeleteAccount,/api/delete,144
2025-04-24,FetchData,/api/fetch,109
2025-04-24,SubmitForm,/api/submit,144
2025-04-24,SendEmail,/api/email,141
2025-04-24,ResetPassword,/api/reset,141
2025-04-25,Login,/api/login,153
2025-04-25,Register,/api/register,146
2025-04-25,GetUser,/api/user,92
2025-04-25,Logout,/api/logout,108
2025-04-25,UpdateProfile,/api/update,95
2025-04-25,DeleteAccount,/api/delete,130
2025-04-25,FetchData,/api/fetch,115
2025-04-25,SubmitForm,/api/submit,99
2025-04-25,SendEmail,/api/email,98
2025-04-25,ResetPassword,/api/reset,114
2025-04-26,Login,/api/login,154
2025-04-26,Register,/api/register,150
2025-04-26,GetUser,/api/user,117
2025-04-26,Logout,/api/logout,123
2025-04-26,UpdateProfile,/api/update,142
2025-04-26,DeleteAccount,/api/delete,149
2025-04-26,FetchData,/api/fetch,95
2025-04-26,SubmitForm,/api/submit,123
2025-04-26,SendEmail,/api/email,106
2025-04-26,ResetPassword,/api/reset,134
2025-04-27,Login,/api/login,150
2025-04-27,Register,/api/register,103
2025-04-27,GetUser,/api/user,93
2025-04-27,Logout,/api/logout,133
2025-04-27,UpdateProfile,/api/update,92
2025-04-27,DeleteAccount,/api/delete,143
2025-04-27,FetchData,/api/fetch,133
2025-04-27,SubmitForm,/api/submit,110
2025-04-27,SendEmail,/api/email,158
2025-04-27,ResetPassword,/api/reset,95
2025-04-28,Login,/api/login,133
2025-04-28,Register,/api/register,159
2025-04-28,GetUser,/api/user,98
2025-04-28,Logout,/api/logout,149
2025-04-28,UpdateProfile,/api/update,130
2025-04-28,DeleteAccount,/api/delete,130
2025-04-28,FetchData,/api/fetch,103
2025-04-28,SubmitForm,/api/submit,155
2025-04-28,SendEmail,/api/email,126
2025-04-28,ResetPassword,/api/reset,140
2025-04-29,Login,/api/login,104
2025-04-29,Register,/api/register,150
2025-04-29,GetUser,/api/user,148
2025-04-29,Logout,/api/logout,112
2025-04-29,UpdateProfile,/api/update,90
2025-04-29,DeleteAccount,/api/delete,111
2025-04-29,FetchData,/api/fetch,147
2025-04-29,SubmitForm,/api/submit,144
2025-04-29,SendEmail,/api/email,127
2025-04-29,ResetPassword,/api/reset,133
2025-04-30,Login,/api/login,150
2025-04-30,Register,/api/register,123
2025-04-30,GetUser,/api/user,106
2025-04-30,Logout,/api/logout,150
2025-04-30,UpdateProfile,/api/update,125
2025-04-30,DeleteAccount,/api/delete,131
2025-04-30,FetchData,/api/fetch,117
2025-04-30,SubmitForm,/api/submit,102
2025-04-30,SendEmail,/api/email,141
2025-04-30,ResetPassword,/api/reset,103
2025-05-01,Login,/api/login,152
2025-05-01,Register,/api/register,160
2025-05-01,GetUser,/api/user,143
2025-05-01,Logout,/api/logout,138
2025-05-01,UpdateProfile,/api/update,97
2025-05-01,DeleteAccount,/api/delete,92
2025-05-01,FetchData,/api/fetch,135
2025-05-01,SubmitForm,/api/submit,95
2025-05-01,SendEmail,/api/email,156
2025-05-01,ResetPassword,/api/reset,125
2025-05-02,Login,/api/login,125
2025-05-02,Register,/api/register,159
2025-05-02,GetUser,/api/user,128
2025-05-02,Logout,/api/logout,91
2025-05-02,UpdateProfile,/api/update,150
2025-05-02,DeleteAccount,/api/delete,146
2025-05-02,FetchData,/api/fetch,110
2025-05-02,SubmitForm,/api/submit,143
2025-05-02,SendEmail,/api/email,142
2025-05-02,ResetPassword,/api/reset,106
2025-05-03,Login,/api/login,103
2025-05-03,Register,/api/register,125
2025-05-03,GetUser,/api/user,94
2025-05-03,Logout,/api/logout,135
2025-05-03,UpdateProfile,/api/update,119
2025-05-03,DeleteAccount,/api/delete,157
2025-05-03,FetchData,/api/fetch,130
2025-05-03,SubmitForm,/api/submit,115
2025-05-03,SendEmail,/api/email,90
2025-05-03,ResetPassword,/api/reset,112
2025-05-04,Login,/api/login,115
2025-05-04,Register,/api/register,95
2025-05-04,GetUser,/api/user,114
2025-05-04,Logout,/api/logout,118
2025-05-04,UpdateProfile,/api/update,123
2025-05-04,DeleteAccount,/api/delete,116
2025-05-04,FetchData,/api/fetch,121
2025-05-04,SubmitForm,/api/submit,98
2025-05-04,SendEmail,/api/email,92
2025-05-04,ResetPassword,/api/reset,97
2025-05-05,Login,/api/login,120
2025-05-05,Register,/api/register,107
2025-05-05,GetUser,/api/user,107
2025-05-05,Logout,/api/logout,123
2025-05-05,UpdateProfile,/api/update,124
2025-05-05,DeleteAccount,/api/delete,120
2025-05-05,FetchData,/api/fetch,99
2025-05-05,SubmitForm,/api/submit,156
2025-05-05,SendEmail,/api/email,90
2025-05-05,ResetPassword,/api/reset,137
2025-05-06,Login,/api/login,93
2025-05-06,Register,/api/register,98
2025-05-06,GetUser,/api/user,146
2025-05-06,Logout,/api/logout,156
2025-05-06,UpdateProfile,/api/update,105
2025-05-06,DeleteAccount,/api/delete,120
2025-05-06,FetchData,/api/fetch,156
2025-05-06,SubmitForm,/api/submit,150
2025-05-06,SendEmail,/api/email,121
2025-05-06,ResetPassword,/api/reset,143
2025-05-07,Login,/api/login,114
2025-05-07,Register,/api/register,150
2025-05-07,GetUser,/api/user,144
2025-05-07,Logout,/api/logout,128
2025-05-07,UpdateProfile,/api/update,120
2025-05-07,DeleteAccount,/api/delete,145
2025-05-07,FetchData,/api/fetch,105
2025-05-07,SubmitForm,/api/submit,130
2025-05-07,SendEmail,/api/email,121
2025-05-07,ResetPassword,/api/reset,103
2025-05-08,Login,/api/login,116
2025-05-08,Register,/api/register,136
2025-05-08,GetUser,/api/user,113
2025-05-08,Logout,/api/logout,139
2025-05-08,UpdateProfile,/api/update,112
2025-05-08,DeleteAccount,/api/delete,98
2025-05-08,FetchData,/api/fetch,143
2025-05-08,SubmitForm,/api/submit,134
2025-05-08,SendEmail,/api/email,139
2025-05-08,ResetPassword,/api/reset,112
2025-05-09,Login,/api/login,119
2025-05-09,Register,/api/register,148
2025-05-09,GetUser,/api/user,121
2025-05-09,Logout,/api/logout,138
2025-05-09,UpdateProfile,/api/update,111
2025-05-09,DeleteAccount,/api/delete,159
2025-05-09,FetchData,/api/fetch,129
2025-05-09,SubmitForm,/api/submit,133
2025-05-09,SendEmail,/api/email,145
2025-05-09,ResetPassword,/api/reset,110
2025-05-10,Login,/api/login,152
2025-05-10,Register,/api/register,126
2025-05-10,GetUser,/api/user,113
2025-05-10,Logout,/api/logout,133
2025-05-10,UpdateProfile,/api/update,118
2025-05-10,DeleteAccount,/api/delete,112
2025-05-10,FetchData,/api/fetch,105
2025-05-10,SubmitForm,/api/submit,96
2025-05-10,SendEmail,/api/email,91
2025-05-10,ResetPassword,/api/reset,109
2025-05-11,Login,/api/login,111
2025-05-11,Register,/api/register,95
2025-05-11,GetUser,/api/user,136
2025-05-11,Logout,/api/logout,135
2025-05-11,UpdateProfile,/api/update,158
2025-05-11,DeleteAccount,/api/delete,145
2025-05-11,FetchData,/api/fetch,108
2025-05-11,SubmitForm,/api/submit,112
2025-05-11,SendEmail,/api/email,110
2025-05-11,ResetPassword,/api/reset,128
2025-05-12,Login,/api/login,102
2025-05-12,Register,/api/register,145
2025-05-12,GetUser,/api/user,129
2025-05-12,Logout,/api/logout,131
2025-05-12,UpdateProfile,/api/update,91
2025-05-12,DeleteAccount,/api/delete,149
2025-05-12,FetchData,/api/fetch,131
2025-05-12,SubmitForm,/api/submit,115
2025-05-12,SendEmail,/api/email,154
2025-05-12,ResetPassword,/api/reset,126
2025-05-13,Login,/api/login,98
2025-05-13,Register,/api/register,156
2025-05-13,GetUser,/api/user,92
2025-05-13,Logout,/api/logout,128
2025-05-13,UpdateProfile,/api/update,116
2025-05-13,DeleteAccount,/api/delete,126
2025-05-13,FetchData,/api/fetch,152
2025-05-13,SubmitForm,/api/submit,158
2025-05-13,SendEmail,/api/email,99
2025-05-13,ResetPassword,/api/reset,127
2025-05-14,Login,/api/login,142
2025-05-14,Register,/api/register,121
2025-05-14,GetUser,/api/user,158
2025-05-14,Logout,/api/logout,92
2025-05-14,UpdateProfile,/api/update,103
2025-05-14,DeleteAccount,/api/delete,131
2025-05-14,FetchData,/api/fetch,130
2025-05-14,SubmitForm,/api/submit,151
2025-05-14,SendEmail,/api/email,128
2025-05-14,ResetPassword,/api/reset,95
2025-05-15,Login,/api/login,95
2025-05-15,Register,/api/register,109
2025-05-15,GetUser,/api/user,94
2025-05-15,Logout,/api/logout,150
2025-05-15,UpdateProfile,/api/update,90
2025-05-15,DeleteAccount,/api/delete,100
2025-05-15,FetchData,/api/fetch,109
2025-05-15,SubmitForm,/api/submit,97
2025-05-15,SendEmail,/api/email,142
2025-05-15,ResetPassword,/api/reset,155
2025-05-16,Login,/api/login,95
2025-05-16,Register,/api/register,101
2025-05-16,GetUser,/api/user,108
2025-05-16,Logout,/api/logout,121
2025-05-16,UpdateProfile,/api/update,106
2025-05-16,DeleteAccount,/api/delete,133
2025-05-16,FetchData,/api/fetch,97
2025-05-16,SubmitForm,/api/submit,152
2025-05-16,SendEmail,/api/email,118
2025-05-16,ResetPassword,/api/reset,160
2025-05-17,Login,/api/login,145
2025-05-17,Register,/api/register,145
2025-05-17,GetUser,/api/user,141
2025-05-17,Logout,/api/logout,113
2025-05-17,UpdateProfile,/api/update,146
2025-05-17,DeleteAccount,/api/delete,125
2025-05-17,FetchData,/api/fetch,112
2025-05-17,SubmitForm,/api/submit,99
2025-05-17,SendEmail,/api/email,107
2025-05-17,ResetPassword,/api/reset,149
2025-05-18,Login,/api/login,143
2025-05-18,Register,/api/register,96
2025-05-18,GetUser,/api/user,137
2025-05-18,Logout,/api/logout,112
2025-05-18,UpdateProfile,/api/update,113
2025-05-18,DeleteAccount,/api/delete,124
2025-05-18,FetchData,/api/fetch,93
2025-05-18,SubmitForm,/api/submit,157
2025-05-18,SendEmail,/api/email,146
2025-05-18,ResetPassword,/api/reset,99
2025-05-19,Login,/api/login,115
2025-05-19,Register,/api/register,113
2025-05-19,GetUser,/api/user,114
2025-05-19,Logout,/api/logout,101
2025-05-19,UpdateProfile,/api/update,146
2025-05-19,DeleteAccount,/api/delete,92
2025-05-19,FetchData,/api/fetch,134
2025-05-19,SubmitForm,/api/submit,137
2025-05-19,SendEmail,/api/email,141
2025-05-19,ResetPassword,/api/reset,143
2025-05-20,Login,/api/login,146
2025-05-20,Register,/api/register,120
2025-05-20,GetUser,/api/user,109
2025-05-20,Logout,/api/logout,97
2025-05-20,UpdateProfile,/api/update,103
2025-05-20,DeleteAccount,/api/delete,121
2025-05-20,FetchData,/api/fetch,106
2025-05-20,SubmitForm,/api/submit,97
2025-05-20,SendEmail,/api/email,154
2025-05-20,ResetPassword,/api/reset,128
2025-05-21,Login,/api/login,104
2025-05-21,Register,/api/register,156
2025-05-21,GetUser,/api/user,133
2025-05-21,Logout,/api/logout,158
2025-05-21,UpdateProfile,/api/update,123
2025-05-21,DeleteAccount,/api/delete,122
2025-05-21,FetchData,/api/fetch,159
2025-05-21,SubmitForm,/api/submit,157
2025-05-21,SendEmail,/api/email,152
2025-05-21,ResetPassword,/api/reset,111
2025-05-22,Login,/api/login,152
2025-05-22,Register,/api/register,145
2025-05-22,GetUser,/api/user,153
2025-05-22,Logout,/api/logout,132
2025-05-22,UpdateProfile,/api/update,129
2025-05-22,DeleteAccount,/api/delete,137
2025-05-22,FetchData,/api/fetch,124
2025-05-22,SubmitForm,/api/submit,146
2025-05-22,SendEmail,/api/email,99
2025-05-22,ResetPassword,/api/reset,112
2025-05-23,Login,/api/login,159
2025-05-23,Register,/api/register,141
2025-05-23,GetUser,/api/user,117
2025-05-23,Logout,/api/logout,123
2025-05-23,UpdateProfile,/api/update,139
2025-05-23,DeleteAccount,/api/delete,120
2025-05-23,FetchData,/api/fetch,153
2025-05-23,SubmitForm,/api/submit,110
2025-05-23,SendEmail,/api/email,147
2025-05-23,ResetPassword,/api/reset,128
2025-05-24,Login,/api/login,95
2025-05-24,Register,/api/register,135
2025-05-24,GetUser,/api/user,96
2025-05-24,Logout,/api/logout,138
2025-05-24,UpdateProfile,/api/update,120
2025-05-24,DeleteAccount,/api/delete,136
2025-05-24,FetchData,/api/fetch,111
2025-05-24,SubmitForm,/api/submit,139
2025-05-24,SendEmail,/api/email,145
2025-05-24,ResetPassword,/api/reset,141
2025-05-25,Login,/api/login,112
2025-05-25,Register,/api/register,104
2025-05-25,GetUser,/api/user,93
2025-05-25,Logout,/api/logout,105
2025-05-25,UpdateProfile,/api/update,91
2025-05-25,DeleteAccount,/api/delete,111
2025-05-25,FetchData,/api/fetch,151
2025-05-25,SubmitForm,/api/submit,112
2025-05-25,SendEmail,/api/email,143
2025-05-25,ResetPassword,/api/reset,99
2025-05-26,Login,/api/login,153
2025-05-26,Register,/api/register,159
2025-05-26,GetUser,/api/user,158
2025-05-26,Logout,/api/logout,121
2025-05-26,UpdateProfile,/api/update,145
2025-05-26,DeleteAccount,/api/delete,152
2025-05-26,FetchData,/api/fetch,111
2025-05-26,SubmitForm,/api/submit,121
2025-05-26,SendEmail,/api/email,125
2025-05-26,ResetPassword,/api/reset,96
2025-05-27,Login,/api/login,136
2025-05-27,Register,/api/register,111
2025-05-27,GetUser,/api/user,95
2025-05-27,Logout,/api/logout,108
2025-05-27,UpdateProfile,/api/update,107
2025-05-27,DeleteAccount,/api/delete,153
2025-05-27,FetchData,/api/fetch,142
2025-05-27,SubmitForm,/api/submit,101
2025-05-27,SendEmail,/api/email,122
2025-05-27,ResetPassword,/api/reset,126
2025-05-28,Login,/api/login,99
2025-05-28,Register,/api/register,148
2025-05-28,GetUser,/api/user,149
2025-05-28,Logout,/api/logout,146
2025-05-28,UpdateProfile,/api/update,158
2025-05-28,DeleteAccount,/api/delete,107
2025-05-28,FetchData,/api/fetch,134
2025-05-28,SubmitForm,/api/submit,157
2025-05-28,SendEmail,/api/email,119
2025-05-28,ResetPassword,/api/reset,111
2025-05-29,Login,/api/login,144
2025-05-29,Register,/api/register,147
2025-05-29,GetUser,/api/user,154
2025-05-29,Logout,/api/logout,90
2025-05-29,UpdateProfile,/api/update,155
2025-05-29,DeleteAccount,/api/delete,104
2025-05-29,FetchData,/api/fetch,144
2025-05-29,SubmitForm,/api/submit,125
2025-05-29,SendEmail,/api/email,147
2025-05-29,ResetPassword,/api/reset,104
2025-05-30,Login,/api/login,129
2025-05-30,Register,/api/register,110
2025-05-30,GetUser,/api/user,126
2025-05-30,Logout,/api/logout,90
2025-05-30,UpdateProfile,/api/update,159
2025-05-30,DeleteAccount,/api/delete,103
2025-05-30,FetchData,/api/fetch,95
2025-05-30,SubmitForm,/api/submit,157
2025-05-30,SendEmail,/api/email,159
2025-05-30,ResetPassword,/api/reset,157
2025-05-31,Login,/api/login,160
2025-05-31,Register,/api/register,124
2025-05-31,GetUser,/api/user,124
2025-05-31,Logout,/api/logout,152
2025-05-31,UpdateProfile,/api/update,131
2025-05-31,DeleteAccount,/api/delete,132
2025-05-31,FetchData,/api/fetch,148
2025-05-31,SubmitForm,/api/submit,131
2025-05-31,SendEmail,/api/email,130
2025-05-31,ResetPassword,/api/reset,147
2025-06-01,Login,/api/login,122
2025-06-01,Register,/api/register,136
2025-06-01,GetUser,/api/user,155
2025-06-01,Logout,/api/logout,121
2025-06-01,UpdateProfile,/api/update,135
2025-06-01,DeleteAccount,/api/delete,157
2025-06-01,FetchData,/api/fetch,146
2025-06-01,SubmitForm,/api/submit,133
2025-06-01,SendEmail,/api/email,136
2025-06-01,ResetPassword,/api/reset,142
2025-06-02,Login,/api/login,123
2025-06-02,Register,/api/register,148
2025-06-02,GetUser,/api/user,134
2025-06-02,Logout,/api/logout,103
2025-06-02,UpdateProfile,/api/update,148
2025-06-02,DeleteAccount,/api/delete,108
2025-06-02,FetchData,/api/fetch,134
2025-06-02,SubmitForm,/api/submit,143
2025-06-02,SendEmail,/api/email,132
2025-06-02,ResetPassword,/api/reset,129
2025-06-03,Login,/api/login,151
2025-06-03,Register,/api/register,109
2025-06-03,GetUser,/api/user,100
2025-06-03,Logout,/api/logout,117
2025-06-03,UpdateProfile,/api/update,160
2025-06-03,DeleteAccount,/api/delete,98
2025-06-03,FetchData,/api/fetch,158
2025-06-03,SubmitForm,/api/submit,155
2025-06-03,SendEmail,/api/email,134
2025-06-03,ResetPassword,/api/reset,116
2025-06-04,Login,/api/login,147
2025-06-04,Register,/api/register,149
2025-06-04,GetUser,/api/user,130
2025-06-04,Logout,/api/logout,158
2025-06-04,UpdateProfile,/api/update,159
2025-06-04,DeleteAccount,/api/delete,118
2025-06-04,FetchData,/api/fetch,137
2025-06-04,SubmitForm,/api/submit,119
2025-06-04,SendEmail,/api/email,97
2025-06-04,ResetPassword,/api/reset,159
2025-06-05,Login,/api/login,135
2025-06-05,Register,/api/register,133
2025-06-05,GetUser,/api/user,106
2025-06-05,Logout,/api/logout,160
2025-06-05,UpdateProfile,/api/update,124
2025-06-05,DeleteAccount,/api/delete,110
2025-06-05,FetchData,/api/fetch,151
2025-06-05,SubmitForm,/api/submit,129
2025-06-05,SendEmail,/api/email,153
2025-06-05,ResetPassword,/api/reset,91
2025-06-06,Login,/api/login,125
2025-06-06,Register,/api/register,140
2025-06-06,GetUser,/api/user,116
2025-06-06,Logout,/api/logout,124
2025-06-06,UpdateProfile,/api/update,118
2025-06-06,DeleteAccount,/api/delete,146
2025-06-06,FetchData,/api/fetch,143
2025-06-06,SubmitForm,/api/submit,151
2025-06-06,SendEmail,/api/email,141
2025-06-06,ResetPassword,/api/reset,132
2025-06-07,Login,/api/login,138
2025-06-07,Register,/api/register,158
2025-06-07,GetUser,/api/user,95
2025-06-07,Logout,/api/logout,131
2025-06-07,UpdateProfile,/api/update,142
2025-06-07,DeleteAccount,/api/delete,101
2025-06-07,FetchData,/api/fetch,112
2025-06-07,SubmitForm,/api/submit,107
2025-06-07,SendEmail,/api/email,152
2025-06-07,ResetPassword,/api/reset,92
2025-06-08,Login,/api/login,140
2025-06-08,Register,/api/register,141
2025-06-08,GetUser,/api/user,92
2025-06-08,Logout,/api/logout,117
2025-06-08,UpdateProfile,/api/update,98
2025-06-08,DeleteAccount,/api/delete,155
2025-06-08,FetchData,/api/fetch,118
2025-06-08,SubmitForm,/api/submit,154
2025-06-08,SendEmail,/api/email,154
2025-06-08,ResetPassword,/api/reset,160
2025-06-09,Login,/api/login,141
2025-06-09,Register,/api/register,147
2025-06-09,GetUser,/api/user,108
2025-06-09,Logout,/api/logout,106
2025-06-09,UpdateProfile,/api/update,102
2025-06-09,DeleteAccount,/api/delete,110
2025-06-09,FetchData,/api/fetch,106
2025-06-09,SubmitForm,/api/submit,112
2025-06-09,SendEmail,/api/email,128
2025-06-09,ResetPassword,/api/reset,118
2025-06-10,Login,/api/login,115
2025-06-10,Register,/api/register,90
2025-06-10,GetUser,/api/user,98
2025-06-10,Logout,/api/logout,105
2025-06-10,UpdateProfile,/api/update,108
2025-06-10,DeleteAccount,/api/delete,154
2025-06-10,FetchData,/api/fetch,96
2025-06-10,SubmitForm,/api/submit,131
2025-06-10,SendEmail,/api/email,146
2025-06-10,ResetPassword,/api/reset,119
2025-06-11,Login,/api/login,159
2025-06-11,Register,/api/register,98
2025-06-11,GetUser,/api/user,129
2025-06-11,Logout,/api/logout,119
2025-06-11,UpdateProfile,/api/update,99
2025-06-11,DeleteAccount,/api/delete,114
2025-06-11,FetchData,/api/fetch,145
2025-06-11,SubmitForm,/api/submit,130
2025-06-11,SendEmail,/api/email,129
2025-06-11,ResetPassword,/api/reset,134
2025-06-12,Login,/api/login,99
2025-06-12,Register,/api/register,140
2025-06-12,GetUser,/api/user,96
2025-06-12,Logout,/api/logout,123
2025-06-12,UpdateProfile,/api/update,94
2025-06-12,DeleteAccount,/api/delete,149
2025-06-12,FetchData,/api/fetch,94
2025-06-12,SubmitForm,/api/submit,138
2025-06-12,SendEmail,/api/email,94
2025-06-12,ResetPassword,/api/reset,159
2025-06-13,Login,/api/login,142
2025-06-13,Register,/api/register,105
2025-06-13,GetUser,/api/user,130
2025-06-13,Logout,/api/logout,95
2025-06-13,UpdateProfile,/api/update,107
2025-06-13,DeleteAccount,/api/delete,106
2025-06-13,FetchData,/api/fetch,102
2025-06-13,SubmitForm,/api/submit,92
2025-06-13,SendEmail,/api/email,121
2025-06-13,ResetPassword,/api/reset,160
2025-06-14,Login,/api/login,112
2025-06-14,Register,/api/register,123
2025-06-14,GetUser,/api/user,101
2025-06-14,Logout,/api/logout,141
2025-06-14,UpdateProfile,/api/update,94
2025-06-14,DeleteAccount,/api/delete,141
2025-06-14,FetchData,/api/fetch,142
2025-06-14,SubmitForm,/api/submit,121
2025-06-14,SendEmail,/api/email,117
2025-06-14,ResetPassword,/api/reset,150
2025-06-15,Login,/api/login,109
2025-06-15,Register,/api/register,143
2025-06-15,GetUser,/api/user,158
2025-06-15,Logout,/api/logout,135
2025-06-15,UpdateProfile,/api/update,144
2025-06-15,DeleteAccount,/api/delete,110
2025-06-15,FetchData,/api/fetch,109
2025-06-15,SubmitForm,/api/submit,117
2025-06-15,SendEmail,/api/email,97
2025-06-15,ResetPassword,/api/reset,154
2025-06-16,Login,/api/login,107
2025-06-16,Register,/api/register,121
2025-06-16,GetUser,/api/user,143
2025-06-16,Logout,/api/logout,141
2025-06-16,UpdateProfile,/api/update,105
2025-06-16,DeleteAccount,/api/delete,139
2025-06-16,FetchData,/api/fetch,142
2025-06-16,SubmitForm,/api/submit,93
2025-06-16,SendEmail,/api/email,160
2025-06-16,ResetPassword,/api/reset,122
2025-06-17,Login,/api/login,129
2025-06-17,Register,/api/register,146
2025-06-17,GetUser,/api/user,105
2025-06-17,Logout,/api/logout,111
2025-06-17,UpdateProfile,/api/update,155
2025-06-17,DeleteAccount,/api/delete,123
2025-06-17,FetchData,/api/fetch,106
2025-06-17,SubmitForm,/api/submit,93
2025-06-17,SendEmail,/api/email,127
2025-06-17,ResetPassword,/api/reset,134
2025-06-18,Login,/api/login,93
2025-06-18,Register,/api/register,157
2025-06-18,GetUser,/api/user,130
2025-06-18,Logout,/api/logout,129
2025-06-18,UpdateProfile,/api/update,130
2025-06-18,DeleteAccount,/api/delete,105
2025-06-18,FetchData,/api/fetch,117
2025-06-18,SubmitForm,/api/submit,118
2025-06-18,SendEmail,/api/email,130
2025-06-18,ResetPassword,/api/reset,122
2025-06-19,Login,/api/login,148
2025-06-19,Register,/api/register,101
2025-06-19,GetUser,/api/user,143
2025-06-19,Logout,/api/logout,113
2025-06-19,UpdateProfile,/api/update,159
2025-06-19,DeleteAccount,/api/delete,126
2025-06-19,FetchData,/api/fetch,153
2025-06-19,SubmitForm,/api/submit,101
2025-06-19,SendEmail,/api/email,126
2025-06-19,ResetPassword,/api/reset,147
2025-06-20,Login,/api/login,154
2025-06-20,Register,/api/register,111
2025-06-20,GetUser,/api/user,105
2025-06-20,Logout,/api/logout,107
2025-06-20,UpdateProfile,/api/update,139
2025-06-20,DeleteAccount,/api/delete,151
2025-06-20,FetchData,/api/fetch,144
2025-06-20,SubmitForm,/api/submit,134
2025-06-20,SendEmail,/api/email,98
2025-06-20,ResetPassword,/api/reset,106
2025-06-21,Login,/api/login,146
2025-06-21,Register,/api/register,139
2025-06-21,GetUser,/api/user,119
2025-06-21,Logout,/api/logout,128
2025-06-21,UpdateProfile,/api/update,134
2025-06-21,DeleteAccount,/api/delete,139
2025-06-21,FetchData,/api/fetch,125
2025-06-21,SubmitForm,/api/submit,114
2025-06-21,SendEmail,/api/email,104
2025-06-21,ResetPassword,/api/reset,145
2025-06-22,Login,/api/login,127
2025-06-22,Register,/api/register,120
2025-06-22,GetUser,/api/user,105
2025-06-22,Logout,/api/logout,92
2025-06-22,UpdateProfile,/api/update,94
2025-06-22,DeleteAccount,/api/delete,91
2025-06-22,FetchData,/api/fetch,157
2025-06-22,SubmitForm,/api/submit,106
2025-06-22,SendEmail,/api/email,140
2025-06-22,ResetPassword,/api/reset,148
2025-06-23,Login,/api/login,135
2025-06-23,Register,/api/register,97
2025-06-23,GetUser,/api/user,139
2025-06-23,Logout,/api/logout,109
2025-06-23,UpdateProfile,/api/update,143
2025-06-23,DeleteAccount,/api/delete,133
2025-06-23,FetchData,/api/fetch,111
2025-06-23,SubmitForm,/api/submit,93
2025-06-23,SendEmail,/api/email,137
2025-06-23,ResetPassword,/api/reset,120
2025-06-24,Login,/api/login,150
2025-06-24,Register,/api/register,130
2025-06-24,GetUser,/api/user,137
2025-06-24,Logout,/api/logout,115
2025-06-24,UpdateProfile,/api/update,154
2025-06-24,DeleteAccount,/api/delete,115
2025-06-24,FetchData,/api/fetch,125
2025-06-24,SubmitForm,/api/submit,111
2025-06-24,SendEmail,/api/email,143
2025-06-24,ResetPassword,/api/reset,98
2025-06-25,Login,/api/login,141
2025-06-25,Register,/api/register,137
2025-06-25,GetUser,/api/user,128
2025-06-25,Logout,/api/logout,103
2025-06-25,UpdateProfile,/api/update,111
2025-06-25,DeleteAccount,/api/delete,143
2025-06-25,FetchData,/api/fetch,128
2025-06-25,SubmitForm,/api/submit,120
2025-06-25,SendEmail,/api/email,114
2025-06-25,ResetPassword,/api/reset,93
2025-06-26,Login,/api/login,102
2025-06-26,Register,/api/register,153
2025-06-26,GetUser,/api/user,116
2025-06-26,Logout,/api/logout,110
2025-06-26,UpdateProfile,/api/update,132
2025-06-26,DeleteAccount,/api/delete,125
2025-06-26,FetchData,/api/fetch,108
2025-06-26,SubmitForm,/api/submit,112
2025-06-26,SendEmail,/api/email,153
2025-06-26,ResetPassword,/api/reset,116
2025-06-27,Login,/api/login,123
2025-06-27,Register,/api/register,126
2025-06-27,GetUser,/api/user,115
2025-06-27,Logout,/api/logout,94
2025-06-27,UpdateProfile,/api/update,92
2025-06-27,DeleteAccount,/api/delete,120
2025-06-27,FetchData,/api/fetch,119
2025-06-27,SubmitForm,/api/submit,160
2025-06-27,SendEmail,/api/email,140
2025-06-27,ResetPassword,/api/reset,139
2025-06-28,Login,/api/login,135
2025-06-28,Register,/api/register,146
2025-06-28,GetUser,/api/user,98
2025-06-28,Logout,/api/logout,155
2025-06-28,UpdateProfile,/api/update,120
2025-06-28,DeleteAccount,/api/delete,137
2025-06-28,FetchData,/api/fetch,90
2025-06-28,SubmitForm,/api/submit,122
2025-06-28,SendEmail,/api/email,150
2025-06-28,ResetPassword,/api/reset,90
2025-06-29,Login,/api/login,141
2025-06-29,Register,/api/register,98
2025-06-29,GetUser,/api/user,130
2025-06-29,Logout,/api/logout,92
2025-06-29,UpdateProfile,/api/update,134
2025-06-29,DeleteAccount,/api/delete,95
2025-06-29,FetchData,/api/fetch,110
2025-06-29,SubmitForm,/api/submit,111
2025-06-29,SendEmail,/api/email,158
2025-06-29,ResetPassword,/api/reset,109
